{
    "Changes": [
        {
            "Action": "EditData",
            "Target": "Data/Shops",
            "TargetField": [ "SeedShop", "Items"],
            "Entries": {
                "StonedValley_SativaSeeds": { 
                    "Id": "StonedValley_SativaSeeds", 
                    "ItemId": "StonedValley_SativaSeeds", 
                    "IgnoreShopPriceModifiers": true,
                },
                "StonedValley_IndicaSeeds": { //Item Object
                    "Id": "StonedValley_IndicaSeeds",
                    "ItemId": "StonedValley_IndicaSeeds",
                    "IgnoreShopPriceModifiers": true,
                },
                "StonedValley_HybridSeeds": { //Item Object
                    "Id": "StonedValley_HybridSeeds", 
                    "ItemId": "StonedValley_HybridSeeds", //Item ID
                    "IgnoreShopPriceModifiers": true,
                },
                "StonedValley_CbdSeeds": { //Item Object
                    "Id": "StonedValley_CbdSeeds",
                    "ItemId": "StonedValley_CbdSeeds", //Item ID
                    "IgnoreShopPriceModifiers": true,
                },
                "StonedValley_HempSeeds": { //Item Object
                    "Id": "StonedValley_HempSeeds",
                    "ItemId": "StonedValley_HempSeeds", //Item ID
                    "IgnoreShopPriceModifiers": true,
                },
                "StonedValley_Wraps": { //Item Object
                    "Id": "StonedValley_Wraps",
                    "ItemId": "StonedValley_Wraps", //Item ID
                    "IgnoreShopPriceModifiers": true,
                },
                "StonedValley_BluntWraps": { //Item Object
                    "Id": "StonedValley_BluntWraps",
                    "ItemId": "StonedValley_BluntWraps", //Item ID
                    "IgnoreShopPriceModifiers": true,
                },
                "StonedValley_RoseBluntWraps": { //Item Object
                    "Id": "StonedValley_RoseBluntWraps",
                    "ItemId": "StonedValley_RoseBluntWraps", //Item ID
                    "IgnoreShopPriceModifiers": true,
                },
                "StonedValley_RollingTray": {
                    "Id": "StonedValley_RollingTray",
                    "ItemId": "StonedValley_RollingTray",
                    "IgnoreShopPriceModifiers": true,
                },
                "StonedValley_RollingTray_Blunt": {
                    "Id": "StonedValley_RollingTray_Blunt",
                    "ItemId": "StonedValley_RollingTray_Blunt",
                    "IgnoreShopPriceModifiers": true,
                },
                "StonedValley_RollingTray_Blunt_Rose": {
                    "Id": "StonedValley_RollingTray_Blunt_Rose",
                    "ItemId": "StonedValley_RollingTray_Blunt_Rose",
                    "IgnoreShopPriceModifiers": true,
                },
                "StonedValley_HempRack": {
                    "Id": "StonedValley_HempRack",
                    "ItemId": "StonedValley_HempRack",
                    "IgnoreShopPriceModifiers": true,
                }
            },
            "MoveEntries": [
                {"Id": "StonedValley_HempSeeds", "BeforeId": "GrassStarter"},
                {"Id": "StonedValley_CbdSeeds", "BeforeId": "GrassStarter"},
                {"Id": "StonedValley_HybridSeeds", "BeforeId": "GrassStarter"},
                {"Id": "StonedValley_IndicaSeeds", "BeforeId": "GrassStarter"},
                {"Id": "StonedValley_SativaSeeds", "BeforeId": "GrassStarter"},
                {"Id": "StonedValley_Wraps", "BeforeId": "GrassStarter"},
                {"Id": "StonedValley_BluntWraps", "BeforeId": "GrassStarter"},
                {"Id": "StonedValley_RoseBluntWraps", "BeforeId": "GrassStarter"},
                {"Id": "StonedValley_RollingTray", "BeforeId": "GrassStarter"},
                {"Id": "StonedValley_RollingTray_Blunt", "BeforeId": "GrassStarter"},
                {"Id": "StonedValley_RollingTray_Blunt_Rose", "BeforeId": "GrassStarter"},
                {"Id": "StonedValley_HempRack", "BeforeId": "GrassStarter"}
            ]
        }
    ]
}