{
    "Format": "2.0.0",

    "ConfigSchema":{
        "TrayColor": {
            "Description": "Option to choose your rolling tray color. Defaults to base grey color.",
            "AllowValues": "Base",
            "Default": "Base",
            "AllowBlank": false
        },
        "TrayColor_Blunt": {
            "Description": "Option to choose your rolling tray color. Defaults to base grey color.",
            "AllowValues": "Base",
            "Default": "Base",
            "AllowBlank": false
        },
        "TrayColor_Rose": {
            "Description": "Option to choose your rolling tray color. Defaults to base grey color.",
            "AllowValues": "Base",
            "Default": "Base",
            "AllowBlank": false
        },
        "PressColor": {
            "Description": "Option to choose your hash press color. Defaults to base metal color.",
            "AllowValues": "Base",
            "Default": "Base",
            "AllowBlank": false
        },
        "RackColor": {
            "Description": "Option to choose your hemp Rack color. Defaults to base brown color.",
            "AllowValues": "Base",
            "Default": "Base",
            "AllowBlank": false
        },
        "GrinderColor": {
            "Description": "Option to choose your grinder color. Defaults to base brown color.",
            "AllowValues": "Base",
            "Default": "Base",
            "AllowBlank": false
        }
    },
    "Changes": [
        //Load Images
        {
            "LogName": "Stoned Valley Images",
            "Action": "Load",
            "Target": "DookieMaster.StonedValley/Crops, DookieMaster.StonedValley/Objects, DookieMaster.StonedValley/Buffs, DookieMaster.StonedValley/Machines_Base",
            "FromFile": "assets/{{TargetWithoutPath}}.png"
        },
        //Load Files
        {
            "LogName": "Stoned Valley Objects",
            "Action": "Include",
            "FromFile": "data/crops.json, data/objects.json",
        },
        {
            "LogName": "Stoned Valley Machines",
            "Action": "Include",
            "FromFile": "data/machines.json",
        },
        {
            "LogName": "Stoned Valley Recipes",
            "Action": "Include",
            "FromFile": "data/recipes.json",
        },
        {
            "LogName": "Stoned Valley Shop",
            "Action": "Include",
            "FromFile": "data/shop_pierre.json",
        }
    ]
}