{
    "Changes": [
          //Crops
        {
            "Action": "EditData",
            "Target": "Data/Objects",
            "Entries": {
                "StonedValley.SativaBud": {
                    "Name": "StonedValley.SativaBud",
                    "DisplayName": "Sativa Bud",
                    "Description": "An uplifiting and energetic strain of cannabis.",
                    "Type": "Basic",
                    "Category": -75,
                    "Price": 40,
                    "Texture": "DookieMaster.StonedValley/Objects",
                    "SpriteIndex": 6,
                    "Edibility": -50,
                    "ContextTags": [
                        "color_orange"
                    ]
                },
                "StonedValley.IndicaBud": {
                    "Name": "StonedValley.IndicaBud",
                    "DisplayName": "Indica Bud",
                    "Description": "A relaxing and creative strain of cannabis.",
                    "Type": "Basic",
                    "Category": -75,
                    "Price": 40,
                    "Texture": "DookieMaster.StonedValley/Objects",
                    "SpriteIndex": 0,
                    "Edibility": -50,
                    "ContextTags": [
                        "color_purple"
                    ]
                },
                "StonedValley.HybridBud": {
                        "Name": "StonedValley.HybridBud",
                        "DisplayName": "Hybrid Bud",
                        "Description": "A happy and soothing strain of cannabis.",
                        "Type": "Basic",
                        "Category": -75,
                        "Price": 40,
                        "Texture": "DookieMaster.StonedValley/Objects",
                        "SpriteIndex": 2,
                        "Edibility": -50,
                        "ContextTags": [
                            "color_green"
                        ]
                },
                "StonedValley.CbdBud": {
                    "Name": "StonedValley.CbdBud",
                    "DisplayName": "Cbd Bud",
                    "Description": "A relaxing plant that cures aches and cannabis.",
                    "Type": "Basic",
                    "Category": -75,
                    "Price": 20,
                    "Texture": "DookieMaster.StonedValley/Objects",
                    "SpriteIndex": 4,
                    "Edibility": -50,
                    "ContextTags": [
                        "color_jade"
                    ]
                },
                "StonedValley.HempBud": {
                    "Name": "StonedValley.HempBud",
                    "DisplayName": "Hemp Bud",
                    "Description": "A tough and fibourous plant with many uses.",
                    "Type": "Basic",
                    "Category": -75,
                    "Price": 20,
                    "Texture": "DookieMaster.StonedValley/Objects",
                    "SpriteIndex": 8,
                    "Edibility": -50,
                    "ContextTags": [
                        "color_dark_green"
                    ]
                }
            }
        },
        //Seeds
        {
            "Action": "EditData",
            "Target": "Data/Objects",
            "Entries": {
                "StonedValley.SativaSeeds": { 
                "Name": "StonedValley.SativaSeeds", 
                "DisplayName": "Sativa Seeds", 
                "Description": "Plant in any season except winter. Takes 14 days to grown and will keep producing after. Yields multiple crops on harvest.", //Description in game
                "Type": "Seed", 
                "Category": -74, 
                "Price": 100, 
                "Texture": "DookieMaster.StonedValley/Objects",
                "SpriteIndex": 7
            },
                "StonedValley.IndicaSeeds": { //Item Object
                "Name": "StonedValley.IndicaSeeds", //Item ID
                "DisplayName": "Indica Seeds", //Name in game
                "Description": "Plant in any season except winter. Takes 14 days to grown and will keep producing after. Yields multiple crops on harvest.", //Description in game
                "Type": "Seed", 
                "Category": -74, 
                "Price": 100, 
                "Texture": "DookieMaster.StonedValley/Objects",
                "SpriteIndex": 1
            },
                "StonedValley.HybridSeeds": { //Item Object
                "Name": "StonedValley.HybridSeeds", //Item ID
                "DisplayName": "Hybrid Seeds", //Name in game
                "Description": "Plant in any season except winter. Takes 14 days to grown and will keep producing after. Yields multiple crops on harvest.", //Description in game
                "Type": "Seed", 
                "Category": -74, 
                "Price": 100, 
                "Texture": "DookieMaster.StonedValley/Objects",
                "SpriteIndex": 3
            },
                "StonedValley.CbdSeeds": { //Item Object
                "Name": "StonedValley.CbdSeeds", //Item ID
                "DisplayName": "CBD Seeds", //Name in game
                "Description": "Plant in any season except winter. Takes 10 days to grown and will keep producing after. Yields multiple crops on harvest.", //Description in game
                "Type": "Seed", 
                "Category": -74, 
                "Price": 80, 
                "Texture": "DookieMaster.StonedValley/Objects",
                "SpriteIndex": 5
            },
                "StonedValley.HempSeeds": { //Item Object
                "Name": "StonedValley.HempSeeds", //Item ID
                "DisplayName": "Hemp Seeds", //Name in game
                "Description": "Plant in any season except winter. Takes 12 days to grown and will keep producing after. Yields multiple crops on harvest.", //Description in game
                "Type": "Seed", 
                "Category": -74, 
                "Price": 50, 
                "Texture": "DookieMaster.StonedValley/Objects",
                "SpriteIndex": 9
            }
            }
        },
        //Artisan Goods
        //Blunts and Joints
        {
            "Action": "EditData",
            "Target": "Data/Objects",
            "Entries": {
                "StonedValley.CbdJoint": {
                    "Name": "StonedValley.CbdJoint",
                    "DisplayName": "CBD Joint",
                    "Description": "A relaxing joint that soothes aches and pains.",
                    "Type": "Basic",
                    "Category": -16,
                    "Price": 60,
                    "Texture": "DookieMaster.StonedValley/Objects",
                    "SpriteIndex": 14,
                    "Edibility": 20,
                    "Buffs": [
                        {
                            "Id": "Relaxed",
                            "BuffId": null,
                            "IconTexture": "DookieMaster.StonedValley/Buffs",//Change
                            "IconSpriteIndex": 0,
                            "Duration": 180,
                            "IsDebuff": false,
                            "GlowColor": null,
                            "CustomAttributes": {
                                "FarmingLevel": 0.0,
                                "FishingLevel": 0.0,
                                "MiningLevel": 0.0,
                                "LuckLevel": 0.0,
                                "ForagingLevel": 0.0,
                                "MaxStamina": 30.0,
                                "MagneticRadius": 0.0,
                                "Speed": 0.0,
                                "Defense": 0.0,
                                "Attack": 0.0
                            }
                        }
                    ],
                    "ContextTags": [
                        "color_dark_green"
                    ]
                },
                "StonedValley.HybridJoint": {
                    "Name": "StonedValley.HybridJoint",
                    "DisplayName": "Hybrid Joint",
                    "Description": "A happy and soothing cannabis joint.",
                    "Type": "Basic",
                    "Category": -16,
                    "Price": 100,
                    "Texture": "DookieMaster.StonedValley/Objects",
                    "SpriteIndex": 13,
                    "Edibility": 10,
                    "Buffs": [
                        {
                            "Id": "High (Hybrid)",
                            "BuffId": null,
                            "IconTexture": "DookieMaster.StonedValley/Buffs",
                            "IconSpriteIndex": 1,
                            "Duration": 180,
                            "IsDebuff": false,
                            "GlowColor": null,
                            "CustomAttributes": {
                                "FarmingLevel": 1.0,
                                "FishingLevel": 1.0,
                                "MiningLevel": 0.0,
                                "LuckLevel": 0.0,
                                "ForagingLevel": 1.0,
                                "MaxStamina": 0.0,
                                "MagneticRadius": 0.0,
                                "Speed": 0.0,
                                "Defense": -1.0,
                                "Attack": -1.0
                            }
                        }
                    ],
                    "ContextTags": [
                        "color_green"
                    ]
                },
                "StonedValley.IndicaJoint": {
                    "Name": "StonedValley.IndicaJoint",
                    "DisplayName": "Indica Joint",
                    "Description": "A relaxing and creative joint.",
                    "Type": "Basic",
                    "Category": -16,
                    "Price": 100,
                    "Texture": "DookieMaster.StonedValley/Objects",
                    "SpriteIndex": 12,
                    "Edibility": 5,
                    "Buffs": [
                        {
                            "Id": "High (Indica)",
                            "BuffId": null,
                            "IconTexture": "DookieMaster.StonedValley/Buffs",
                            "IconSpriteIndex": 2,
                            "Duration": 180,
                            "IsDebuff": false,
                            "GlowColor": null,
                            "CustomAttributes": {
                                "FarmingLevel": 2.0,
                                "FishingLevel": 2.0,
                                "MiningLevel": 0.0,
                                "LuckLevel": 1.0,
                                "ForagingLevel": 0.0,
                                "MaxStamina": 0.0,
                                "MagneticRadius": 0.0,
                                "Speed": -1.0,
                                "Defense": 0.0,
                                "Attack": 0.0
                            }
                        }
                    ],
                    "ContextTags": [
                        "color_purple"
                    ]
                },
                "StonedValley.SativaJoint": {
                    "Name": "StonedValley.SativaJoint",
                    "DisplayName": "Sativa Joint",
                    "Description": "An uplifiting and energetic joint.",
                    "Type": "Basic",
                    "Category": -16,
                    "Price": 100,
                    "Texture": "DookieMaster.StonedValley/Objects",
                    "SpriteIndex": 15,
                    "Edibility": 15,
                    "Buffs": [
                        {
                            "Id": "High (Sativa)",
                            "BuffId": null,
                            "IconTexture": "DookieMaster.StonedValley/Buffs",
                            "IconSpriteIndex": 3,
                            "Duration": 180,
                            "IsDebuff": false,
                            "GlowColor": null,
                            "CustomAttributes": {
                                "FarmingLevel": 0.0,
                                "FishingLevel": 0.0,
                                "MiningLevel": 1.0,
                                "LuckLevel": 1.0,
                                "ForagingLevel": 0.0,
                                "MaxStamina": 10.0,
                                "MagneticRadius": 0.0,
                                "Speed": 1.0,
                                "Defense": 1.0,
                                "Attack": 1.0
                            }
                        }
                    ],
                    "ContextTags": [
                        "color_orange"
                    ]
                },
                "StonedValley.Wraps": {
                    "Name": "StonedValley.Wraps",
                    "DisplayName": "Wraps",
                    "Description": "Used for wrapping various 'herbs' into smokeable versions.",
                    "Type": "Basic",
                    "Category": -16,
                    "Price": 10,
                    "Texture": "DookieMaster.StonedValley/Objects",
                    "SpriteIndex": 10,
                    "Edibility": -300,
                    "ContextTags": null,
                    "CustomFields": null
                },
                "StonedValley.CbdBlunt": {
                    "Name": "StonedValley.CbdBlunt",
                    "DisplayName": "CBD Blunt",
                    "Description": "A relaxing blunt that soothes aches and pains.",
                    "Type": "Basic",
                    "Category": -16,
                    "Price": 80,
                    "Texture": "DookieMaster.StonedValley/Objects",
                    "SpriteIndex": 26,
                    "Edibility": 25,
                    "Buffs": [
                        {
                            "Id": "Relaxed",
                            "BuffId": null,
                            "IconTexture": "DookieMaster.StonedValley/Buffs",
                            "IconSpriteIndex": 0,
                            "Duration": 240,
                            "IsDebuff": false,
                            "GlowColor": null,
                            "CustomAttributes": {
                                "FarmingLevel": 0.0,
                                "FishingLevel": 0.0,
                                "MiningLevel": 0.0,
                                "LuckLevel": 0.0,
                                "ForagingLevel": 0.0,
                                "MaxStamina": 35.0,
                                "MagneticRadius": 0.0,
                                "Speed": 1.0,
                                "Defense": 1.0,
                                "Attack": 0.0
                            }
                        }
                    ],
                    "ContextTags": [
                        "color_light_green"
                    ]
                },
                "StonedValley.HybridBlunt": {
                    "Name": "StonedValley.HybridBlunt",
                    "DisplayName": "Hybrid Blunt",
                    "Description": "A happy and soothing cannabis blunt.",
                    "Type": "Basic",
                    "Category": -16,
                    "Price": 150,
                    "Texture": "DookieMaster.StonedValley/Objects",
                    "SpriteIndex": 25,
                    "Edibility": 12,
                    "Buffs": [
                        {
                            "Id": "High (Hybrid)",
                            "BuffId": null,
                            "IconTexture": "DookieMaster.StonedValley/Buffs",
                            "IconSpriteIndex": 1,
                            "Duration": 240,
                            "IsDebuff": false,
                            "GlowColor": null,
                            "CustomAttributes": {
                                "FarmingLevel": 2.0,
                                "FishingLevel": 2.0,
                                "MiningLevel": 0.0,
                                "LuckLevel": 0.0,
                                "ForagingLevel": 2.0,
                                "MaxStamina": 0.0,
                                "MagneticRadius": 0.0,
                                "Speed": 0.0,
                                "Defense": -2.0,
                                "Attack": -2.0
                            }
                        }
                    ],
                    "ContextTags": [
                        "color_green"
                    ]
                },
                "StonedValley.IndicaBlunt": {
                    "Name": "StonedValley.IndicaBlunt",
                    "DisplayName": "Indica Blunt",
                    "Description": "A relaxing and creative blunt.",
                    "Type": "Basic",
                    "Category": -16,
                    "Price": 150,
                    "Texture": "DookieMaster.StonedValley/Objects",
                    "SpriteIndex": 24,
                    "Edibility": -5,
                    "Buffs": [
                        {
                            "Id": "High (Indica)",
                            "BuffId": null,
                            "IconTexture": "DookieMaster.StonedValley/Buffs",
                            "IconSpriteIndex": 2,
                            "Duration": 240,
                            "IsDebuff": false,
                            "GlowColor": null,
                            "CustomAttributes": {
                                "FarmingLevel": 2.0,
                                "FishingLevel": 2.0,
                                "MiningLevel": 0.0,
                                "LuckLevel": 2.0,
                                "ForagingLevel": 0.0,
                                "MaxStamina": 0.0,
                                "MagneticRadius": 0.0,
                                "Speed": -1.0,
                                "Defense": 0.0,
                                "Attack": -2.0
                            }
                        }
                    ],
                    "ContextTags": [
                        "color_purple"
                    ]
                },
                "StonedValley.SativaBlunt": {
                    "Name": "StonedValley.Sativa Blunt",
                    "DisplayName": "Sativa Blunt",
                    "Description": "An uplifiting and energetic blunt.",
                    "Type": "Basic",
                    "Category": -16,
                    "Price": 150,
                    "Texture": "DookieMaster.StonedValley/Objects",
                    "SpriteIndex": 27,
                    "Edibility": 15,
                    "Buffs": [
                        {
                            "Id": "High (Sativa)",
                            "BuffId": null,
                            "IconTexture": "DookieMaster.StonedValley/Buffs",
                            "IconSpriteIndex": 3,
                            "Duration": 240,
                            "IsDebuff": false,
                            "GlowColor": null,
                            "CustomAttributes": {
                                "FarmingLevel": -1.0,
                                "FishingLevel": -1.0,
                                "MiningLevel": 2.0,
                                "LuckLevel": 2.0,
                                "ForagingLevel": 0.0,
                                "MaxStamina": 10.0,
                                "MagneticRadius": 0.0,
                                "Speed": 2.0,
                                "Defense": -1.0,
                                "Attack": 2.0
                            }
                        }
                    ],
                    "ContextTags": [
                        "color_orange"
                    ]
                },
                "StonedValley.BluntWraps": {
                    "Name": "StonedValley.BluntWraps",
                    "DisplayName": "Blunt Wraps",
                    "Description": "A hemp wrap used for rolling various blunts.",
                    "Type": "Basic",
                    "Category": -16,
                    "Price": 50,
                    "Texture": "DookieMaster.StonedValley/Objects",
                    "SpriteIndex": 11,
                    "Edibility": -300,
                    "ContextTags": null,
                    "CustomFields": null,
                },
                "StonedValley.CbdRoseBlunt": {
                    "Name": "StonedValley.CbdRoseBlunt",
                    "DisplayName": "CBD Rose Blunt",
                    "Description": "A relaxing rose blunt that soothes aches and pains.",
                    "Type": "Basic",
                    "Category": -16,
                    "Price": 120,
                    "Texture": "DookieMaster.StonedValley/Objects",
                    "SpriteIndex": 18,
                    "Edibility": 25,
                    "Buffs": [
                        {
                            "Id": "Relaxed",
                            "BuffId": null,
                            "IconTexture": "DookieMaster.StonedValley/Buffs",
                            "IconSpriteIndex": 0,
                            "Duration": 240,
                            "IsDebuff": false,
                            "GlowColor": null,
                            "CustomAttributes": {
                                "FarmingLevel": 0.0,
                                "FishingLevel": 0.0,
                                "MiningLevel": 0.0,
                                "LuckLevel": 0.0,
                                "ForagingLevel": 0.0,
                                "MaxStamina": 90.0,
                                "MagneticRadius": 0.0,
                                "Speed": 2.0,
                                "Defense": 2.0,
                                "Attack": 0.0
                            }
                        }
                    ],
                    "ContextTags": [
                        "color_light_green"
                    ]
                },
                "StonedValley.HybridRoseBlunt": {
                    "Name": "StonedValley.HybridRoseBlunt",
                    "DisplayName": "Hybrid Rose Blunt",
                    "Description": "A happy and soothing cannabis rose blunt.",
                    "Type": "Basic",
                    "Category": -16,
                    "Price": 250,
                    "Texture": "DookieMaster.StonedValley/Objects",
                    "SpriteIndex": 19,
                    "Edibility": 12,
                    "Buffs": [
                        {
                            "Id": "High (Hybrid)",
                            "BuffId": null,
                            "IconTexture": "DookieMaster.StonedValley/Buffs",
                            "IconSpriteIndex": 1,
                            "Duration": 240,
                            "IsDebuff": false,
                            "GlowColor": null,
                            "CustomAttributes": {
                                "FarmingLevel": 3.0,
                                "FishingLevel": 3.0,
                                "MiningLevel": 0.0,
                                "LuckLevel": 0.0,
                                "ForagingLevel": 3.0,
                                "MaxStamina": 0.0,
                                "MagneticRadius": 0.0,
                                "Speed": 0.0,
                                "Defense": -3.0,
                                "Attack": -3.0
                            }
                        }
                    ],
                    "ContextTags": [
                        "color_green"
                    ]
                },
                "StonedValley.IndicaRoseBlunt": {
                    "Name": "StonedValley.IndicaRoseBlunt",
                    "DisplayName": "Indica Rose Blunt",
                    "Description": "A relaxing and creative rose blunt.",
                    "Type": "Basic",
                    "Category": -16,
                    "Price": 250,
                    "Texture": "DookieMaster.StonedValley/Objects",
                    "SpriteIndex": 18,
                    "Edibility": -10,
                    "Buffs": [
                        {
                            "Id": "High (Indica)",
                            "BuffId": null,
                            "IconTexture": "DookieMaster.StonedValley/Buffs",
                            "IconSpriteIndex": 2,
                            "Duration": 240,
                            "IsDebuff": false,
                            "GlowColor": null,
                            "CustomAttributes": {
                                "FarmingLevel": 3.0,
                                "FishingLevel": 3.0,
                                "MiningLevel": 0.0,
                                "LuckLevel": 3.0,
                                "ForagingLevel": 0.0,
                                "MaxStamina": 0.0,
                                "MagneticRadius": 0.0,
                                "Speed": -1.0,
                                "Defense": -1.0,
                                "Attack": -3.0
                            }
                        }
                    ],
                    "ContextTags": [
                        "color_purple"
                    ]
                },
                "StonedValley.SativaRoseBlunt": {
                    "Name": "StonedValley.SativaRoseBlunt",
                    "DisplayName": "Sativa Rose Blunt",
                    "Description": "An uplifiting and energetic rose blunt.",
                    "Type": "Basic",
                    "Category": -16,
                    "Price": 250,
                    "Texture": "DookieMaster.StonedValley/Objects",
                    "SpriteIndex": 21,
                    "Edibility": 15,
                    "Buffs": [
                        {
                            "Id": "High (Sativa)",
                            "BuffId": null,
                            "IconTexture": "DookieMaster.StonedValley/Buffs",
                            "IconSpriteIndex": 3,
                            "Duration": 240,
                            "IsDebuff": false,
                            "GlowColor": null,
                            "CustomAttributes": {
                                "FarmingLevel": -2.0,
                                "FishingLevel": -2.0,
                                "MiningLevel": 3.0,
                                "LuckLevel": 3.0,
                                "ForagingLevel": 0.0,
                                "MaxStamina": 20.0,
                                "MagneticRadius": 0.0,
                                "Speed": 2.0,
                                "Defense": -3.0,
                                "Attack": 3.0
                            }
                        }
                    ],
                    "ContextTags": [
                        "color_orange"
                    ]
                },
                "StonedValley.RoseWraps": {
                    "Name": "StonedValley.RoseWraps",
                    "DisplayName": "Rose Wraps",
                    "Description": "A rose petal wrap used for rolling various blunts.",
                    "Type": "Basic",
                    "Category": -16,
                    "Price": 100,
                    "Texture": "DookieMaster.StonedValley/Objects",
                    "SpriteIndex": 16,
                    "Edibility": -300,
                    "ContextTags": null,
                    "CustomFields": null
                },
                //Wax
                "StonedValley.CbdHash": {
                    "Name": "StonedValley.CbdHash",
                    "DisplayName": "CBD Hash",
                    "Description": "A relaxing hash oil that soothes aches and pains.",
                    "Type": "Basic",
                    "Category": -16,
                    "Price": 120,
                    "Texture": "DookieMaster.StonedValley/Objects",
                    "SpriteIndex": 32,
                    "Edibility": 25,
                    "Buffs": [
                        {
                            "Id": "Relaxed",
                            "BuffId": null,
                            "IconTexture": "DookieMaster.StonedValley/Buffs",
                            "IconSpriteIndex": 0,
                            "Duration": 120,
                            "IsDebuff": false,
                            "GlowColor": null,
                            "CustomAttributes": {
                                "FarmingLevel": 0.0,
                                "FishingLevel": 0.0,
                                "MiningLevel": 0.0,
                                "LuckLevel": 0.0,
                                "ForagingLevel": 0.0,
                                "MaxStamina": 90.0,
                                "MagneticRadius": 0.0,
                                "Speed": 2.0,
                                "Defense": 2.0,
                                "Attack": 0.0
                            }
                        }
                    ],
                    "ContextTags": [
                        "color_light_green"
                    ]
                },
                "StonedValley.HybridHash": {
                    "Name": "StonedValley.HybridHash",
                    "DisplayName": "Hybrid Hash",
                    "Description": "A happy and soothing hash oil.",
                    "Type": "Basic",
                    "Category": -16,
                    "Price": 250,
                    "Texture": "DookieMaster.StonedValley/Objects",
                    "SpriteIndex": 31,
                    "Edibility": 12,
                    "Buffs": [
                        {
                            "Id": "High (Hybrid)",
                            "BuffId": null,
                            "IconTexture": "DookieMaster.StonedValley/Buffs",
                            "IconSpriteIndex": 1,
                            "Duration": 120,
                            "IsDebuff": false,
                            "GlowColor": null,
                            "CustomAttributes": {
                                "FarmingLevel": 3.0,
                                "FishingLevel": 3.0,
                                "MiningLevel": 0.0,
                                "LuckLevel": 0.0,
                                "ForagingLevel": 3.0,
                                "MaxStamina": 0.0,
                                "MagneticRadius": 0.0,
                                "Speed": 0.0,
                                "Defense": -3.0,
                                "Attack": -3.0
                            }
                        }
                    ],
                    "ContextTags": [
                        "color_green"
                    ]
                },
                "StonedValley.IndicaHash": {
                    "Name": "StonedValley.IndicaHash",
                    "DisplayName": "Indica Hash",
                    "Description": "A relaxing and creative hash oil.",
                    "Type": "Basic",
                    "Category": -16,
                    "Price": 250,
                    "Texture": "DookieMaster.StonedValley/Objects",
                    "SpriteIndex": 30,
                    "Edibility": -10,
                    "Buffs": [
                        {
                            "Id": "High (Indica)",
                            "BuffId": null,
                            "IconTexture": "DookieMaster.StonedValley/Buffs",
                            "IconSpriteIndex": 2,
                            "Duration": 120,
                            "IsDebuff": false,
                            "GlowColor": null,
                            "CustomAttributes": {
                                "FarmingLevel": 3.0,
                                "FishingLevel": 3.0,
                                "MiningLevel": 0.0,
                                "LuckLevel": 3.0,
                                "ForagingLevel": 0.0,
                                "MaxStamina": 0.0,
                                "MagneticRadius": 0.0,
                                "Speed": -1.0,
                                "Defense": -1.0,
                                "Attack": -3.0
                            }
                        }
                    ],
                    "ContextTags": [
                        "color_purple"
                    ]
                },
                "StonedValley.SativaHash":{
                    "Name": "StonedValley.SativaHash",
                    "DisplayName": "Sativa Rose Hash",
                    "Description": "An uplifiting and energetic hash oil.",
                    "Type": "Basic",
                    "Category": -16,
                    "Price": 250,
                    "Texture": "DookieMaster.StonedValley/Objects",
                    "SpriteIndex": 33,
                    "Edibility": 15,
                    "Buffs": [
                        {
                            "Id": "High (Sativa)",
                            "BuffId": null,
                            "IconTexture": "DookieMaster.StonedValley/Buffs",
                            "IconSpriteIndex": 3,
                            "Duration": 120,
                            "IsDebuff": false,
                            "GlowColor": null,
                            "CustomAttributes": {
                                "FarmingLevel": -2.0,
                                "FishingLevel": -2.0,
                                "MiningLevel": 3.0,
                                "LuckLevel": 3.0,
                                "ForagingLevel": 0.0,
                                "MaxStamina": 20.0,
                                "MagneticRadius": 0.0,
                                "Speed": 2.0,
                                "Defense": -3.0,
                                "Attack": 3.0
                            }
                        }
                    ],
                    "ContextTags": [
                        "color_orange"
                    ] 
                },
                //Oil
                "StonedValley.CbdOil": {
                    "Name": "StonedValley.CbdOil",
                    "DisplayName": "CBD Oil",
                    "Description": "A relaxing oil that soothes aches and pains.",
                    "Type": "Basic",
                    "Category": -16,
                    "Price": 120,
                    "Texture": "DookieMaster.StonedValley/Objects",
                    "SpriteIndex": 38,
                    "Edibility": 25,
                    "Buffs": [
                        {
                            "Id": "Relaxed",
                            "BuffId": null,
                            "IconTexture": "DookieMaster.StonedValley/Buffs",
                            "IconSpriteIndex": 0,
                            "Duration": 120,
                            "IsDebuff": false,
                            "GlowColor": null,
                            "CustomAttributes": {
                                "FarmingLevel": 0.0,
                                "FishingLevel": 0.0,
                                "MiningLevel": 0.0,
                                "LuckLevel": 0.0,
                                "ForagingLevel": 0.0,
                                "MaxStamina": 90.0,
                                "MagneticRadius": 0.0,
                                "Speed": 2.0,
                                "Defense": 2.0,
                                "Attack": 0.0
                            }
                        }
                    ],
                    "ContextTags": [
                        "color_light_green"
                    ]
                },
                "StonedValley.HybridOil": {
                    "Name": "StonedValley.HybridOil",
                    "DisplayName": "Hybrid Oil",
                    "Description": "A happy and soothing oil.",
                    "Type": "Basic",
                    "Category": -16,
                    "Price": 250,
                    "Texture": "DookieMaster.StonedValley/Objects",
                    "SpriteIndex": 37,
                    "Edibility": 12,
                    "Buffs": [
                        {
                            "Id": "High (Hybrid)",
                            "BuffId": null,
                            "IconTexture": "DookieMaster.StonedValley/Buffs",
                            "IconSpriteIndex": 1,
                            "Duration": 120,
                            "IsDebuff": false,
                            "GlowColor": null,
                            "CustomAttributes": {
                                "FarmingLevel": 3.0,
                                "FishingLevel": 3.0,
                                "MiningLevel": 0.0,
                                "LuckLevel": 0.0,
                                "ForagingLevel": 3.0,
                                "MaxStamina": 0.0,
                                "MagneticRadius": 0.0,
                                "Speed": 0.0,
                                "Defense": -3.0,
                                "Attack": -3.0
                            }
                        }
                    ],
                    "ContextTags": [
                        "color_green"
                    ]
                },
                "StonedValley.IndicaOil": {
                    "Name": "StonedValley.IndicaOil",
                    "DisplayName": "Indica Oil",
                    "Description": "A relaxing and creative oil.",
                    "Type": "Basic",
                    "Category": -16,
                    "Price": 250,
                    "Texture": "DookieMaster.StonedValley/Objects",
                    "SpriteIndex": 36,
                    "Edibility": -10,
                    "Buffs": [
                        {
                            "Id": "High (Indica)",
                            "BuffId": null,
                            "IconTexture": "DookieMaster.StonedValley/Buffs",
                            "IconSpriteIndex": 2,
                            "Duration": 120,
                            "IsDebuff": false,
                            "GlowColor": null,
                            "CustomAttributes": {
                                "FarmingLevel": 3.0,
                                "FishingLevel": 3.0,
                                "MiningLevel": 0.0,
                                "LuckLevel": 3.0,
                                "ForagingLevel": 0.0,
                                "MaxStamina": 0.0,
                                "MagneticRadius": 0.0,
                                "Speed": -1.0,
                                "Defense": -1.0,
                                "Attack": -3.0
                            }
                        }
                    ],
                    "ContextTags": [
                        "color_purple"
                    ]
                },
                "StonedValley.SativaOil":{
                    "Name": "StonedValley.SativaOil",
                    "DisplayName": "Sativa Oil",
                    "Description": "An uplifiting and energetic oil.",
                    "Type": "Basic",
                    "Category": -16,
                    "Price": 250,
                    "Texture": "DookieMaster.StonedValley/Objects",
                    "SpriteIndex": 39,
                    "Edibility": 15,
                    "Buffs": [
                        {
                            "Id": "High (Sativa)",
                            "BuffId": null,
                            "IconTexture": "DookieMaster.StonedValley/Buffs",
                            "IconSpriteIndex": 3,
                            "Duration": 120,
                            "IsDebuff": false,
                            "GlowColor": null,
                            "CustomAttributes": {
                                "FarmingLevel": -2.0,
                                "FishingLevel": -2.0,
                                "MiningLevel": 3.0,
                                "LuckLevel": 3.0,
                                "ForagingLevel": 0.0,
                                "MaxStamina": 20.0,
                                "MagneticRadius": 0.0,
                                "Speed": 2.0,
                                "Defense": -3.0,
                                "Attack": 3.0
                            }
                        }
                    ],
                    "ContextTags": [
                        "color_orange"
                    ] 
                },
                //Gummies
                "StonedValley.CbdGummy": {
                    "Name": "StonedValley.CbdGummy",
                    "DisplayName": "CBD Gummy",
                    "Description": "A relaxing gummy that soothes aches and pains.",
                    "Type": "Basic",
                    "Category": -16,
                    "Price": 200,
                    "Texture": "DookieMaster.StonedValley/Objects",
                    "SpriteIndex": 44,
                    "Edibility": 25,
                    "Buffs": [
                        {
                            "Id": "Relaxed",
                            "BuffId": null,
                            "IconTexture": "DookieMaster.StonedValley/Buffs",
                            "IconSpriteIndex": 0,
                            "Duration": 480,
                            "IsDebuff": false,
                            "GlowColor": null,
                            "CustomAttributes": {
                                "FarmingLevel": 0.0,
                                "FishingLevel": 0.0,
                                "MiningLevel": 0.0,
                                "LuckLevel": 0.0,
                                "ForagingLevel": 0.0,
                                "MaxStamina": 90.0,
                                "MagneticRadius": 0.0,
                                "Speed": 2.0,
                                "Defense": 2.0,
                                "Attack": 0.0
                            }
                        }
                    ],
                    "ContextTags": [
                        "color_light_green"
                    ]
                },
                "StonedValley.HybridGummy": {
                    "Name": "StonedValley.HybridGummy",
                    "DisplayName": "Hybrid Gummy",
                    "Description": "A happy and soothing gummy.",
                    "Type": "Basic",
                    "Category": -16,
                    "Price": 300,
                    "Texture": "DookieMaster.StonedValley/Objects",
                    "SpriteIndex": 43,
                    "Edibility": 12,
                    "Buffs": [
                        {
                            "Id": "High (Hybrid)",
                            "BuffId": null,
                            "IconTexture": "DookieMaster.StonedValley/Buffs",
                            "IconSpriteIndex": 1,
                            "Duration": 480,
                            "IsDebuff": false,
                            "GlowColor": null,
                            "CustomAttributes": {
                                "FarmingLevel": 3.0,
                                "FishingLevel": 3.0,
                                "MiningLevel": 0.0,
                                "LuckLevel": 0.0,
                                "ForagingLevel": 3.0,
                                "MaxStamina": 0.0,
                                "MagneticRadius": 0.0,
                                "Speed": 0.0,
                                "Defense": -3.0,
                                "Attack": -3.0
                            }
                        }
                    ],
                    "ContextTags": [
                        "color_green"
                    ]
                },
                "StonedValley.IndicaGummy": {
                    "Name": "StonedValley.IndicaGummy",
                    "DisplayName": "Indica Gummy",
                    "Description": "A relaxing and creative gummy.",
                    "Type": "Basic",
                    "Category": -16,
                    "Price": 300,
                    "Texture": "DookieMaster.StonedValley/Objects",
                    "SpriteIndex": 42,
                    "Edibility": -10,
                    "Buffs": [
                        {
                            "Id": "High (Indica)",
                            "BuffId": null,
                            "IconTexture": "DookieMaster.StonedValley/Buffs",
                            "IconSpriteIndex": 2,
                            "Duration": 480,
                            "IsDebuff": false,
                            "GlowColor": null,
                            "CustomAttributes": {
                                "FarmingLevel": 3.0,
                                "FishingLevel": 3.0,
                                "MiningLevel": 0.0,
                                "LuckLevel": 3.0,
                                "ForagingLevel": 0.0,
                                "MaxStamina": 0.0,
                                "MagneticRadius": 0.0,
                                "Speed": -1.0,
                                "Defense": -1.0,
                                "Attack": -3.0
                            }
                        }
                    ],
                    "ContextTags": [
                        "color_purple"
                    ]
                },
                "StonedValley.SativaGummy":{
                    "Name": "StonedValley.SativaGummy",
                    "DisplayName": "Sativa Rose Gummy",
                    "Description": "An uplifiting and energetic gummy.",
                    "Type": "Basic",
                    "Category": -16,
                    "Price": 300,
                    "Texture": "DookieMaster.StonedValley/Objects",
                    "SpriteIndex": 45,
                    "Edibility": 15,
                    "Buffs": [
                        {
                            "Id": "High (Sativa)",
                            "BuffId": null,
                            "IconTexture": "DookieMaster.StonedValley/Buffs",
                            "IconSpriteIndex": 3,
                            "Duration": 480,
                            "IsDebuff": false,
                            "GlowColor": null,
                            "CustomAttributes": {
                                "FarmingLevel": -2.0,
                                "FishingLevel": -2.0,
                                "MiningLevel": 3.0,
                                "LuckLevel": 3.0,
                                "ForagingLevel": 0.0,
                                "MaxStamina": 20.0,
                                "MagneticRadius": 0.0,
                                "Speed": 2.0,
                                "Defense": -3.0,
                                "Attack": 3.0
                            }
                        }
                    ],
                    "ContextTags": [
                        "color_orange"
                    ] 
                },
                //Brownies
                "StonedValley.CbdBrownie": {
                    "Name": "StonedValley.CbdBrownie",
                    "DisplayName": "CBD Brownie",
                    "Description": "A relaxing brownie that soothes aches and pains.",
                    "Type": "Basic",
                    "Category": -16,
                    "Price": 300,
                    "Texture": "DookieMaster.StonedValley/Objects",
                    "SpriteIndex": 50,
                    "Edibility": 40,
                    "Buffs": [
                        {
                            "Id": "Relaxed",
                            "BuffId": null,
                            "IconTexture": "DookieMaster.StonedValley/Buffs",
                            "IconSpriteIndex": 0,
                            "Duration": 540,
                            "IsDebuff": false,
                            "GlowColor": null,
                            "CustomAttributes": {
                                "FarmingLevel": 0.0,
                                "FishingLevel": 0.0,
                                "MiningLevel": 0.0,
                                "LuckLevel": 0.0,
                                "ForagingLevel": 0.0,
                                "MaxStamina": 90.0,
                                "MagneticRadius": 0.0,
                                "Speed": 2.0,
                                "Defense": 2.0,
                                "Attack": 0.0
                            }
                        }
                    ],
                    "ContextTags": [
                        "color_light_green"
                    ]
                },
                "StonedValley.HybridBrownie": {
                    "Name": "StonedValley.HybridBrownie",
                    "DisplayName": "Hybrid Brownie",
                    "Description": "A happy and soothing brownie.",
                    "Type": "Basic",
                    "Category": -16,
                    "Price": 350,
                    "Texture": "DookieMaster.StonedValley/Objects",
                    "SpriteIndex": 49,
                    "Edibility": 30,
                    "Buffs": [
                        {
                            "Id": "High (Hybrid)",
                            "BuffId": null,
                            "IconTexture": "DookieMaster.StonedValley/Buffs",
                            "IconSpriteIndex": 1,
                            "Duration": 540,
                            "IsDebuff": false,
                            "GlowColor": null,
                            "CustomAttributes": {
                                "FarmingLevel": 3.0,
                                "FishingLevel": 3.0,
                                "MiningLevel": 0.0,
                                "LuckLevel": 0.0,
                                "ForagingLevel": 3.0,
                                "MaxStamina": 0.0,
                                "MagneticRadius": 0.0,
                                "Speed": 0.0,
                                "Defense": -3.0,
                                "Attack": -3.0
                            }
                        }
                    ],
                    "ContextTags": [
                        "color_green"
                    ]
                },
                "StonedValley.IndicaBrownie": {
                    "Name": "StonedValley.IndicaBrownie",
                    "DisplayName": "Indica Brownie",
                    "Description": "A relaxing and creative brownie.",
                    "Type": "Basic",
                    "Category": -16,
                    "Price": 350,
                    "Texture": "DookieMaster.StonedValley/Objects",
                    "SpriteIndex": 48,
                    "Edibility": -20,
                    "Buffs": [
                        {
                            "Id": "High (Indica)",
                            "BuffId": null,
                            "IconTexture": "DookieMaster.StonedValley/Buffs",
                            "IconSpriteIndex": 2,
                            "Duration": 540,
                            "IsDebuff": false,
                            "GlowColor": null,
                            "CustomAttributes": {
                                "FarmingLevel": 3.0,
                                "FishingLevel": 3.0,
                                "MiningLevel": 0.0,
                                "LuckLevel": 3.0,
                                "ForagingLevel": 0.0,
                                "MaxStamina": 0.0,
                                "MagneticRadius": 0.0,
                                "Speed": -1.0,
                                "Defense": -1.0,
                                "Attack": -3.0
                            }
                        }
                    ],
                    "ContextTags": [
                        "color_purple"
                    ]
                },
                "StonedValley.SativaBrownie":{
                    "Name": "StonedValley.SativaBrownie",
                    "DisplayName": "Sativa Brownie",
                    "Description": "An uplifiting and energetic brownie.",
                    "Type": "Basic",
                    "Category": -16,
                    "Price": 350,
                    "Texture": "DookieMaster.StonedValley/Objects",
                    "SpriteIndex": 51,
                    "Edibility": 25,
                    "Buffs": [
                        {
                            "Id": "High (Sativa)",
                            "BuffId": null,
                            "IconTexture": "DookieMaster.StonedValley/Buffs",
                            "IconSpriteIndex": 3,
                            "Duration": 540,
                            "IsDebuff": false,
                            "GlowColor": null,
                            "CustomAttributes": {
                                "FarmingLevel": -2.0,
                                "FishingLevel": -2.0,
                                "MiningLevel": 3.0,
                                "LuckLevel": 3.0,
                                "ForagingLevel": 0.0,
                                "MaxStamina": 20.0,
                                "MagneticRadius": 0.0,
                                "Speed": 2.0,
                                "Defense": -3.0,
                                "Attack": 3.0
                            }
                        }
                    ],
                    "ContextTags": [
                        "color_orange"
                    ] 
                },
                //HempFiber
                "StonedValley.DryHempFiber": {
                    "Name": "StonedValley.DryHempFiber",
                    "DisplayName": "Dried Hemp Fiber",
                    "Description": "A tough plant fiber that can be used to make cloth.",
                    "Type": "Basic",
                    "Category": -16,
                    "Price": 40,
                    "Texture":"DookieMaster.StonedValley/Objects",
                    "SpriteIndex": 17,
                    "Edibility": -300,
                    "ContextTags": [
                        "color_orange"
                    ] 
                },
                //Ground Cannabis
                "StonedValley.GroundIndicaBud": {
                    "Name": "StonedValley.GroundIndicaBud",
                    "DisplayName": "Ground Indica Bud",
                    "Description": "A relaxing and creative ground version of the bud.",
                    "Type": "Basic",
                    "Category": -16,
                    "Price": 40,
                    "Texture":"DookieMaster.StonedValley/Objects",
                    "SpriteIndex": 54,
                    "Edibility": -300,
                    "ContextTags": [
                        "color_purple"
                    ] 
                },
                "StonedValley.GroundHybridBud": {
                    "Name": "StonedValley.GroundHybridBud",
                    "DisplayName": "Ground Hybrid Bud",
                    "Description": "A happy and soothing ground version of the bud.",
                    "Type": "Basic",
                    "Category": -16,
                    "Price": 40,
                    "Texture":"DookieMaster.StonedValley/Objects",
                    "SpriteIndex": 55,
                    "Edibility": -300,
                    "ContextTags": [
                        "color_green"
                    ] 
                },
                "StonedValley.GroundSativaBud": {
                    "Name": "StonedValley.GroundSativaBud",
                    "DisplayName": "Ground Sativa Bud",
                    "Description": "An uplifiting and energetic ground version of the bud.",
                    "Type": "Basic",
                    "Category": -16,
                    "Price": 40,
                    "Texture":"DookieMaster.StonedValley/Objects",
                    "SpriteIndex": 57,
                    "Edibility": -300,
                    "ContextTags": [
                        "color_purple"
                    ] 
                },
                "StonedValley.GroundCbdBud": {
                    "Name": "StonedValley.GroundCbdBud",
                    "DisplayName": "Ground CBD Bud",
                    "Description": "A relaxing and relieving ground version of the bud.",
                    "Type": "Basic",
                    "Category": -16,
                    "Price": 40,
                    "Texture":"DookieMaster.StonedValley/Objects",
                    "SpriteIndex": 56,
                    "Edibility": -300,
                    "ContextTags": [
                        "color_purple"
                    ] 
                },
                //CBD Product:
                "StonedValley.CbdLotion": {
                    "Name": "StonedValley.CbdLotion",
                    "DisplayName": "CBD Lotion",
                    "Description": "A relaxing and relieving lotion made with coconuts.",
                    "Type": "Basic",
                    "Category": -16,
                    "Price": 300,
                    "Texture":"DookieMaster.StonedValley/Objects",
                    "SpriteIndex": 40,
                    "Edibility": -300,
                    "ContextTags": [
                        "color_purple"
                    ] 
                },
            }
        }
    ]
}