{
    "Changes": [
        {
            "Action": "EditData",
            "Target": "Data/Shops",
            "TargetField": [ "SeedShop", "Items"],
            "Entries": {
                "StonedValley.SativaSeeds": { 
                    "Id": "StonedValley.SativaSeeds", 
                    "ItemId": "StonedValley.SativaSeeds", 
                    "IgnoreShopPriceModifiers": true
                },
                "StonedValley.IndicaSeeds": { //Item Object
                    "Id": "StonedValley.IndicaSeeds",
                    "ItemId": "StonedValley.IndicaSeeds",
                    "IgnoreShopPriceModifiers": true
                },
                "StonedValley.HybridSeeds": { //Item Object
                    "Id": "StonedValley.HybridSeeds", 
                    "ItemId": "StonedValley.HybridSeeds", //Item ID
                    "IgnoreShopPriceModifiers": true
                },
                "StonedValley.CbdSeeds": { //Item Object
                    "Id": "StonedValley.CbdSeeds",
                    "ItemId": "StonedValley.CbdSeeds", //Item ID
                    "IgnoreShopPriceModifiers": true
                },
                "StonedValley.HempSeeds": { //Item Object
                    "Id": "StonedValley.HempSeeds",
                    "ItemId": "StonedValley.HempSeeds", //Item ID
                    "IgnoreShopPriceModifiers": true
                },
                "StonedValley.Wraps": { //Item Object
                    "Id": "StonedValley.Wraps",
                    "ItemId": "StonedValley.Wraps", //Item ID
                    "IgnoreShopPriceModifiers": true
                },
                "StonedValley.BluntWraps": { //Item Object
                    "Id": "StonedValley.BluntWraps",
                    "ItemId": "StonedValley.BluntWraps", //Item ID
                    "IgnoreShopPriceModifiers": true
                },
                "StonedValley.RoseWraps": { //Item Object
                    "Id": "StonedValley.RoseWraps",
                    "ItemId": "StonedValley.RoseWraps", //Item ID
                    "IgnoreShopPriceModifiers": true
                },
                "StonedValley.RollingTray": {
                    "Id": "StonedValley.RollingTray",
                    "ItemId": "StonedValley.RollingTray",
                    "IgnoreShopPriceModifiers": true
                },
                "StonedValley.RollingTray_Blunt": {
                    "Id": "StonedValley.RollingTray_Blunt",
                    "ItemId": "StonedValley.RollingTray_Blunt",
                    "IgnoreShopPriceModifiers": true
                },
                "StonedValley.RollingTray_Blunt_Rose": {
                    "Id": "StonedValley.RollingTray_Blunt_Rose",
                    "ItemId": "StonedValley.RollingTray_Blunt_Rose",
                    "IgnoreShopPriceModifiers": true
                },
                "StonedValley.HempRack": {
                    "Id": "StonedValley.HempRack",
                    "ItemId": "StonedValley.HempRack",
                    "IgnoreShopPriceModifiers": true
                },
                "StonedValley.HashPress": {
                    "Id": "StonedValley.HashPress",
                    "ItemId": "StonedValley.HashPress",
                    "IgnoreShopPriceModifiers": true
                },
                "StonedValley.Grinder": {
                    "Id": "StonedValley.Grinder",
                    "ItemId": "StonedValley.Grinder",
                    "IgnoreShopPriceModifiers": true
                }
            },
            "MoveEntries": [
                {"Id": "StonedValley.HempSeeds", "BeforeId": "GrassStarter"},
                {"Id": "StonedValley.CbdSeeds", "BeforeId": "GrassStarter"},
                {"Id": "StonedValley.HybridSeeds", "BeforeId": "GrassStarter"},
                {"Id": "StonedValley.IndicaSeeds", "BeforeId": "GrassStarter"},
                {"Id": "StonedValley.SativaSeeds", "BeforeId": "GrassStarter"},
                {"Id": "StonedValley.Wraps", "BeforeId": "GrassStarter"},
                {"Id": "StonedValley.BluntWraps", "BeforeId": "GrassStarter"},
                {"Id": "StonedValley.RoseWraps", "BeforeId": "GrassStarter"},
                {"Id": "StonedValley.RollingTray", "BeforeId": "GrassStarter"},
                {"Id": "StonedValley.RollingTray_Blunt", "BeforeId": "GrassStarter"},
                {"Id": "StonedValley.RollingTray_Blunt_Rose", "BeforeId": "GrassStarter"},
                {"Id": "StonedValley.HempRack", "BeforeId": "GrassStarter"},
                {"Id": "StonedValley.HashPress", "BeforeId": "GrassStarter"}
            ]
        }
    ]
}