{
    "Changes": [
        {
            "Action": "EditData",
            "Target": "Data/Crops",
            "Entries": {
                "StonedValley.CbdSeeds": {
                    //Growing Times
                    "Seasons": [ "spring", "summer", "fall"], //What seasons it can be grown in
                    "DaysInPhase": [ 1, 1, 2, 2, 4], //How many days per phase e.g. [ (2 days)phase 1, (2 days)phase 2, etc] Total days = 10
                    "RegrowDays": 4,
                    //Harvest Data
                    "HarvestItemId": "StonedValley.CbdBud",
                    "HarvestMinStack": 3,
                    "HarvestMaxStack": 8,
                    "Texture": "DookieMaster.StonedValley/Crops",
                    "SpriteIndex": 2
                },
                "StonedValley.HempSeeds": {
                    //Growing Times
                    "Seasons": [ "spring", "summer", "fall"], //What seasons it can be grown in
                    "DaysInPhase": [ 2, 2, 4, 4], //How many days per phase e.g. [ (2 days)phase 1, (2 days)phase 2, etc] Total days = 12
                    "RegrowDays": 4,
                    //Harvest Data
                    "HarvestItemId": "StonedValley.HempBud",
                    "HarvestMinStack": 3,
                    "HarvestMaxStack": 5,
                    "Texture": "DookieMaster.StonedValley/Crops",
                    "SpriteIndex": 4
                }
            }
        }
    ]
}