{
    "Changes": [
          //Crops
        {
            "Action": "EditData",
            "Target": "Data/Objects",
            "Entries": {
                "StonedValley.CbdBud": {
                    "Name": "StonedValley.CbdBud",
                    "DisplayName": "Cbd Bud",
                    "Description": "A relaxing plant that cures aches and cannabis.",
                    "Type": "Basic",
                    "Category": -75,
                    "Price": 20,
                    "Texture": "DookieMaster.StonedValley/Objects",
                    "SpriteIndex": 4,
                    "Edibility": -50,
                    "ContextTags": [
                        "color_jade"
                    ]
                },
                "StonedValley.HempBud": {
                    "Name": "StonedValley.HempBud",
                    "DisplayName": "Hemp Bud",
                    "Description": "A tough and fibourous plant with many uses.",
                    "Type": "Basic",
                    "Category": -75,
                    "Price": 20,
                    "Texture": "DookieMaster.StonedValley/Objects",
                    "SpriteIndex": 8,
                    "Edibility": -50,
                    "ContextTags": [
                        "color_dark_green"
                    ]
                }
            }
        },
        //Seeds
        {
            "Action": "EditData",
            "Target": "Data/Objects",
            "Entries": {
                "StonedValley.CbdSeeds": { //Item Object
                "Name": "StonedValley.CbdSeeds", //Item ID
                "DisplayName": "CBD Seeds", //Name in game
                "Description": "Plant in any season except winter. Takes 10 days to grown and will keep producing after. Yields multiple crops on harvest.", //Description in game
                "Type": "Seed", 
                "Category": -74, 
                "Price": 80, 
                "Texture": "DookieMaster.StonedValley/Objects",
                "SpriteIndex": 5
            },
                "StonedValley.HempSeeds": { //Item Object
                "Name": "StonedValley.HempSeeds", //Item ID
                "DisplayName": "Hemp Seeds", //Name in game
                "Description": "Plant in any season except winter. Takes 12 days to grown and will keep producing after. Yields multiple crops on harvest.", //Description in game
                "Type": "Seed", 
                "Category": -74, 
                "Price": 50, 
                "Texture": "DookieMaster.StonedValley/Objects",
                "SpriteIndex": 9
            }
            }
        },
        //Artisan Goods
        //Blunts and Joints
        {
            "Action": "EditData",
            "Target": "Data/Objects",
            "Entries": {
                //Oil
                "StonedValley.CbdOil": {
                    "Name": "StonedValley.CbdOil",
                    "DisplayName": "CBD Oil",
                    "Description": "A relaxing oil that soothes aches and pains.",
                    "Type": "Basic",
                    "Category": -16,
                    "Price": 120,
                    "Texture": "DookieMaster.StonedValley/Objects",
                    "SpriteIndex": 38,
                    "Edibility": 25,
                    "Buffs": [
                        {
                            "Id": "Relaxed",
                            "BuffId": null,
                            "IconTexture": "DookieMaster.StonedValley/Buffs",
                            "IconSpriteIndex": 0,
                            "Duration": 120,
                            "IsDebuff": false,
                            "GlowColor": null,
                            "CustomAttributes": {
                                "FarmingLevel": 0.0,
                                "FishingLevel": 0.0,
                                "MiningLevel": 0.0,
                                "LuckLevel": 0.0,
                                "ForagingLevel": 0.0,
                                "MaxStamina": 90.0,
                                "MagneticRadius": 0.0,
                                "Speed": 2.0,
                                "Defense": 2.0,
                                "Attack": 0.0
                            }
                        }
                    ],
                    "ContextTags": [
                        "color_light_green"
                    ]
                },
                //Gummies
                "StonedValley.CbdGummy": {
                    "Name": "StonedValley.CbdGummy",
                    "DisplayName": "CBD Gummy",
                    "Description": "A relaxing gummy that soothes aches and pains.",
                    "Type": "Basic",
                    "Category": -16,
                    "Price": 200,
                    "Texture": "DookieMaster.StonedValley/Objects",
                    "SpriteIndex": 44,
                    "Edibility": 25,
                    "Buffs": [
                        {
                            "Id": "Relaxed",
                            "BuffId": null,
                            "IconTexture": "DookieMaster.StonedValley/Buffs",
                            "IconSpriteIndex": 0,
                            "Duration": 480,
                            "IsDebuff": false,
                            "GlowColor": null,
                            "CustomAttributes": {
                                "FarmingLevel": 0.0,
                                "FishingLevel": 0.0,
                                "MiningLevel": 0.0,
                                "LuckLevel": 0.0,
                                "ForagingLevel": 0.0,
                                "MaxStamina": 90.0,
                                "MagneticRadius": 0.0,
                                "Speed": 2.0,
                                "Defense": 2.0,
                                "Attack": 0.0
                            }
                        }
                    ],
                    "ContextTags": [
                        "color_light_green"
                    ]
                },
                //Brownies
                "StonedValley.CbdBrownie": {
                    "Name": "StonedValley.CbdBrownie",
                    "DisplayName": "CBD Brownie",
                    "Description": "A relaxing brownie that soothes aches and pains.",
                    "Type": "Basic",
                    "Category": -16,
                    "Price": 300,
                    "Texture": "DookieMaster.StonedValley/Objects",
                    "SpriteIndex": 50,
                    "Edibility": 40,
                    "Buffs": [
                        {
                            "Id": "Relaxed",
                            "BuffId": null,
                            "IconTexture": "DookieMaster.StonedValley/Buffs",
                            "IconSpriteIndex": 0,
                            "Duration": 540,
                            "IsDebuff": false,
                            "GlowColor": null,
                            "CustomAttributes": {
                                "FarmingLevel": 0.0,
                                "FishingLevel": 0.0,
                                "MiningLevel": 0.0,
                                "LuckLevel": 0.0,
                                "ForagingLevel": 0.0,
                                "MaxStamina": 90.0,
                                "MagneticRadius": 0.0,
                                "Speed": 2.0,
                                "Defense": 2.0,
                                "Attack": 0.0
                            }
                        }
                    ],
                    "ContextTags": [
                        "color_light_green"
                    ]
                },
                //HempFiber
                "StonedValley.DryHempFiber": {
                    "Name": "StonedValley.DryHempFiber",
                    "DisplayName": "Dried Hemp Fiber",
                    "Description": "A tough plant fiber that can be used to make cloth.",
                    "Type": "Basic",
                    "Category": -16,
                    "Price": 40,
                    "Texture":"DookieMaster.StonedValley/Objects",
                    "SpriteIndex": 17,
                    "Edibility": -300,
                    "ContextTags": [
                        "color_orange"
                    ] 
                }
            }
        }
    ]
}