{
    "Changes": [
        //Cooking Recipes
        {
            "LogName": "StonedValley Cooking Recipes",
            "Action": "EditData",
            "Target": "Data/CookingRecipes",
            "Entries": {
                "StonedValley.CbdGummy": "StonedValley.CbdOil 1 245 1/60 60/StonedValley.CbdGummy 1/default",
                "StonedValley.CBDBrownie": "StonedValley.CBDOil 1 246 1 245 1/60 60/StonedValley.CBDBrownie 1/default",
            }
        },
        //Crafting Recipes
        {
            "Action": "EditData",
            "Target": "Data/CraftingRecipes",
            "Entries": { 
                "StonedValley.CBDLotion": "StonedValley.CbdOil 1 88 1/Home/StonedValley.CBDLotion 1/false/Farming 4"
            }
        }
    ]
}