{
    "Changes": [
        {
            "Action": "EditData",
            "Target": "Data/Shops",
            "TargetField": [ "SeedShop", "Items"],
            "Entries": {
                "StonedValley.CbdSeeds": { //Item Object
                    "Id": "StonedValley.CbdSeeds",
                    "ItemId": "StonedValley.CbdSeeds", //Item ID
                    "IgnoreShopPriceModifiers": true
                },
                "StonedValley.HempSeeds": { //Item Object
                    "Id": "StonedValley.HempSeeds",
                    "ItemId": "StonedValley.HempSeeds", //Item ID
                    "IgnoreShopPriceModifiers": true
                },
                "StonedValley.HempRack": {
                    "Id": "StonedValley.HempRack",
                    "ItemId": "StonedValley.HempRack",
                    "IgnoreShopPriceModifiers": true
                }
            },
            "MoveEntries": [
                {"Id": "StonedValley.HempSeeds", "BeforeId": "GrassStarter"},
                {"Id": "StonedValley.CbdSeeds", "BeforeId": "GrassStarter"},
                {"Id": "StonedValley.HempRack", "BeforeId": "GrassStarter"}
            ]
        }
    ]
}